id;nombre;apellido;email;telefono;fecha_nacimiento
1;gah oh pacemaker;yahoo off;Angel90@hotmail.com;hastily opposite physically;2026-09-19
2;till demobilise;notwithstanding;JuanRamon.ValadezSedillo@gmail.com;boohoo;2026-09-19
3;boohoo;unique furlough ick;Cristian.AlmanzaLerma@hotmail.com;wherever;2026-09-19
4;however;eek cannibalise gosh;Patricia_CarrascoRosado@hotmail.com;randomize;2026-09-19
5;deficient cutlet;tooth;Salvador.BernalPulido@gmail.com;oof;2026-09-19
6;inferior whether;oh astride daily;Cecilia_AbeytaCollazo@gmail.com;climb fraudster wherever;2026-09-19
7;including vol misjudge;drat um excepting;Armando_DelgadilloLopez32@gmail.com;boastfully rewarding opposite;2026-09-19
8;draft square;unless taro modulo;Pilar64@gmail.com;switch;2026-09-19
9;plus;inspection revere scale;Marcos.LuceroLozada77@yahoo.com;technologist;2026-09-19
10;fly;too eyeliner mythology;Andres.ValleGodinez25@gmail.com;veto substantial sermon;2026-09-19
