id;numero_vuelo;origen;destino;fecha_salida;fecha_llegada
1;materialise exotic deprave;without;outside oof for;2026-09-19T08:25:55;2026-09-19T11:30:06
2;geez given geez;reassuringly traffic;though;2026-09-19T14:01:23;2026-09-19T18:12:35
3;quietly;perfectly ack;gah arrange noon;2026-09-19T06:53:02;2026-09-19T02:30:25
4;loose;when yahoo;how;2026-09-19T21:05:31;2026-09-19T11:24:44
5;ha;nippy proud;round toward;2026-09-19T20:04:52;2026-09-19T11:37:03
6;failing chasuble;merrily nor;provided until who;2026-09-19T13:28:01;2026-09-19T20:37:18
7;brr boohoo;log shakily;converse;2026-09-19T04:26:17;2026-09-19T09:37:55
8;once;nor humor;mobilise;2026-09-19T23:05:58;2026-09-19T21:26:05
9;before as er;viciously blah airbrush;adult jazz incidentally;2026-09-19T22:26:44;2026-09-19T20:09:31
10;hopeful;excepting remand;perfectly unless ownership;2026-09-19T05:14:11;2026-09-19T18:02:53
